<?xml version="1.0" encoding="UTF-8"?>
<!-- @author <a href="https://github.com/liyupi">程序员鱼皮</a> -->
<!-- @from <a href="https://yupi.icu">编程导航知识星球</a> -->
<!DOCTYPE mapper
        PUBLIC "-//mybatis.org//DTD Mapper 3.0//EN"
        "http://mybatis.org/dtd/mybatis-3-mapper.dtd">
<mapper namespace="com.yupi.yuso.mapper.UserMapper">
    <resultMap id="BaseResultMap" type="com.yupi.yuso.model.entity.User">
        <id property="id" column="id" jdbcType="BIGINT"/>
        <result property="unionId" column="unionId" jdbcType="VARCHAR"/>
        <result property="mpOpenId" column="mpOpenId" jdbcType="VARCHAR"/>
        <result property="userName" column="userName" jdbcType="VARCHAR"/>
        <result property="userAvatar" column="userAvatar" jdbcType="VARCHAR"/>
        <result property="userProfile" column="userProfile" jdbcType="VARCHAR"/>
        <result property="userRole" column="userRole" jdbcType="VARCHAR"/>
        <result property="createTime" column="createTime" jdbcType="TIMESTAMP"/>
        <result property="updateTime" column="updateTime" jdbcType="TIMESTAMP"/>
        <result property="isDelete" column="isDelete" jdbcType="TINYINT"/>
    </resultMap>

    <sql id="Base_Column_List">
        id,unionId,mpOpenId,
        userName,userAvatar,userProfile,
        userRole,createTime,updateTime,isDelete
    </sql>
</mapper>
